<?xml version="1.0" encoding="UTF-8"?>
<project-private xmlns="http://www.netbeans.org/ns/project-private/1">
    <editor-bookmarks xmlns="http://www.netbeans.org/ns/editor-bookmarks/2" lastBookmarkId="0"/>
    <open-files xmlns="http://www.netbeans.org/ns/projectui-open-files/2">
        <group>
            <file>file:/Users/Sabrina/Documents/fall2016/compsci3/Homework1/Homework1/web/styles/vandergracht.css</file>
            <file>file:/Users/Sabrina/Documents/fall2016/compsci3/Homework1/Homework1/web/vandergracht.html</file>
        </group>
    </open-files>
</project-private>
